-- phpMyAdmin SQL Dump
-- version 5.2.0
-- https://www.phpmyadmin.net/
--
-- Host: 127.0.0.1
-- Erstellungszeit: 17. Jan 2025 um 12:07
-- Server-Version: 10.4.24-MariaDB
-- PHP-Version: 8.0.19

SET SQL_MODE = "NO_AUTO_VALUE_ON_ZERO";
START TRANSACTION;
SET time_zone = "+00:00";


/*!40101 SET @OLD_CHARACTER_SET_CLIENT=@@CHARACTER_SET_CLIENT */;
/*!40101 SET @OLD_CHARACTER_SET_RESULTS=@@CHARACTER_SET_RESULTS */;
/*!40101 SET @OLD_COLLATION_CONNECTION=@@COLLATION_CONNECTION */;
/*!40101 SET NAMES utf8mb4 */;

--
-- Datenbank: `cg`
--

-- --------------------------------------------------------

--
-- Tabellenstruktur für Tabelle `cards`
--

CREATE TABLE `cards` (
  `card_id` int(11) NOT NULL,
  `card_name` varchar(100) NOT NULL,
  `card_type` varchar(50) DEFAULT NULL,
  `energy_cost` int(11) DEFAULT NULL,
  `ATK` int(11) DEFAULT NULL,
  `DEF` int(4) DEFAULT NULL,
  `description` text DEFAULT NULL,
  `URL` varchar(300) NOT NULL
) ENGINE=InnoDB DEFAULT CHARSET=utf8mb4;

--
-- Daten für Tabelle `cards`
--

INSERT INTO `cards` (`card_id`, `card_name`, `card_type`, `energy_cost`, `ATK`, `DEF`, `description`, `URL`) VALUES
(1, 'Angriff', NULL, 1, 5, 0, 'Macht schaden', 'https://img.freepik.com/free-vector/vintage-camp-knife-old-school-flash-tattoo-design-symbol-vector_53876-171582.jpg?t=st=1736953797~exp=1736957397~hmac=e297b01f9e4b20eea158574976e262e5705b70ac1ada50b3e65cb9ef26ead110&w=740'),
(2, 'Angriff', NULL, 1, 5, 0, 'Macht Schaden', 'https://img.freepik.com/free-vector/vintage-camp-knife-old-school-flash-tattoo-design-symbol-vector_53876-171582.jpg?t=st=1736953797~exp=1736957397~hmac=e297b01f9e4b20eea158574976e262e5705b70ac1ada50b3e65cb9ef26ead110&w=740'),
(3, 'Angriff', NULL, 1, 5, 0, 'Macht Schaden', 'https://img.freepik.com/free-vector/vintage-camp-knife-old-school-flash-tattoo-design-symbol-vector_53876-171582.jpg?t=st=1736953797~exp=1736957397~hmac=e297b01f9e4b20eea158574976e262e5705b70ac1ada50b3e65cb9ef26ead110&w=740'),
(4, 'Angriff', NULL, 1, 5, 0, 'Macht Schaden', 'https://img.freepik.com/free-vector/vintage-camp-knife-old-school-flash-tattoo-design-symbol-vector_53876-171582.jpg?t=st=1736953797~exp=1736957397~hmac=e297b01f9e4b20eea158574976e262e5705b70ac1ada50b3e65cb9ef26ead110&w=740'),
(5, 'Schild', NULL, 1, 0, 3, 'Macht Schutz', 'https://img.freepik.com/free-photo/blue-protection-shield-icon-isolated_53876-14836.jpg?t=st=1736953480~exp=1736957080~hmac=817e414b93422c49e49f3e571332aa4151a6458b108991c1d328162e5b99dec4&w=740'),
(6, 'Schild', NULL, 1, 0, 3, 'Macht Schutz', 'https://img.freepik.com/free-photo/blue-protection-shield-icon-isolated_53876-14836.jpg?t=st=1736953480~exp=1736957080~hmac=817e414b93422c49e49f3e571332aa4151a6458b108991c1d328162e5b99dec4&w=740'),
(7, 'Schild', NULL, 1, 0, 3, 'Macht Schutz', 'https://img.freepik.com/free-photo/blue-protection-shield-icon-isolated_53876-14836.jpg?t=st=1736953480~exp=1736957080~hmac=817e414b93422c49e49f3e571332aa4151a6458b108991c1d328162e5b99dec4&w=740'),
(8, 'Schild', NULL, 1, 0, 3, 'Macht Schutz', 'https://img.freepik.com/free-photo/blue-protection-shield-icon-isolated_53876-14836.jpg?t=st=1736953480~exp=1736957080~hmac=817e414b93422c49e49f3e571332aa4151a6458b108991c1d328162e5b99dec4&w=740');

-- --------------------------------------------------------

--
-- Tabellenstruktur für Tabelle `card_unlock_requirements`
--

CREATE TABLE `card_unlock_requirements` (
  `card_id` int(11) NOT NULL,
  `required_deck_xp` int(11) NOT NULL,
  `unlocked` tinyint(1) DEFAULT 0
) ENGINE=InnoDB DEFAULT CHARSET=utf8mb4;

-- --------------------------------------------------------

--
-- Tabellenstruktur für Tabelle `decks`
--

CREATE TABLE `decks` (
  `deck_id` int(11) NOT NULL,
  `user_id` int(11) DEFAULT NULL,
  `deck_name` varchar(100) DEFAULT NULL,
  `xp` int(11) DEFAULT 0,
  `energy_points` int(11) DEFAULT 100
) ENGINE=InnoDB DEFAULT CHARSET=utf8mb4;

--
-- Daten für Tabelle `decks`
--

INSERT INTO `decks` (`deck_id`, `user_id`, `deck_name`, `xp`, `energy_points`) VALUES
(1, 3, 'Test', 0, 3),
(2, 15, 'Test', 0, 3);

-- --------------------------------------------------------

--
-- Tabellenstruktur für Tabelle `deck_cards`
--

CREATE TABLE `deck_cards` (
  `deck_id` int(11) NOT NULL,
  `card_id` int(11) NOT NULL
) ENGINE=InnoDB DEFAULT CHARSET=utf8mb4;

--
-- Daten für Tabelle `deck_cards`
--

INSERT INTO `deck_cards` (`deck_id`, `card_id`) VALUES
(1, 1),
(1, 2),
(1, 3),
(1, 4),
(1, 5),
(1, 6),
(1, 7),
(1, 8),
(2, 1),
(2, 2),
(2, 3),
(2, 4),
(2, 5),
(2, 6),
(2, 7),
(2, 8);

-- --------------------------------------------------------

--
-- Tabellenstruktur für Tabelle `discard_pile`
--

CREATE TABLE `discard_pile` (
  `id` int(11) NOT NULL,
  `game_id` int(11) NOT NULL,
  `card_id` int(11) NOT NULL,
  `discarded_at` timestamp NOT NULL DEFAULT current_timestamp(),
  `user_id` int(11) NOT NULL
) ENGINE=InnoDB DEFAULT CHARSET=utf8mb4;

--
-- Daten für Tabelle `discard_pile`
--

INSERT INTO `discard_pile` (`id`, `game_id`, `card_id`, `discarded_at`, `user_id`) VALUES
(382, 1, 1, '2025-01-16 11:50:48', 0),
(383, 1, 5, '2025-01-16 11:50:48', 0),
(384, 1, 4, '2025-01-16 11:50:48', 0),
(385, 1, 8, '2025-01-16 11:50:48', 0),
(386, 1, 2, '2025-01-16 11:50:48', 0),
(389, 1, 8, '2025-01-16 11:52:43', 0),
(390, 1, 3, '2025-01-16 11:52:43', 0),
(391, 1, 6, '2025-01-16 11:52:43', 0),
(392, 1, 7, '2025-01-16 11:52:43', 0),
(393, 1, 1, '2025-01-16 11:52:43', 0),
(396, 1, 6, '2025-01-16 11:52:57', 0),
(397, 1, 3, '2025-01-16 11:52:57', 0),
(398, 1, 7, '2025-01-16 11:52:57', 0),
(399, 1, 8, '2025-01-16 11:56:07', 0),
(400, 1, 6, '2025-01-16 11:56:07', 0),
(401, 1, 4, '2025-01-16 11:56:07', 0),
(402, 1, 3, '2025-01-16 11:56:07', 0),
(403, 1, 5, '2025-01-16 11:56:07', 0),
(406, 1, 6, '2025-01-16 11:56:14', 0),
(407, 1, 7, '2025-01-16 11:56:14', 0),
(408, 1, 3, '2025-01-16 11:56:14', 0),
(409, 1, 8, '2025-01-16 11:56:14', 0),
(410, 1, 5, '2025-01-16 11:56:14', 0),
(413, 1, 1, '2025-01-16 11:56:16', 0),
(414, 1, 4, '2025-01-16 11:56:16', 0),
(415, 1, 8, '2025-01-16 11:56:16', 0),
(416, 1, 5, '2025-01-16 11:56:16', 0),
(417, 1, 3, '2025-01-16 11:56:16', 0),
(420, 1, 5, '2025-01-16 11:56:17', 0),
(421, 1, 2, '2025-01-16 11:56:17', 0),
(422, 1, 8, '2025-01-16 11:56:17', 0),
(423, 1, 3, '2025-01-16 11:56:17', 0),
(424, 1, 1, '2025-01-16 11:56:17', 0),
(427, 1, 4, '2025-01-16 11:56:18', 0),
(428, 1, 1, '2025-01-16 11:56:18', 0),
(429, 1, 7, '2025-01-16 11:56:18', 0),
(430, 1, 5, '2025-01-16 11:56:18', 0),
(431, 1, 2, '2025-01-16 11:56:18', 0),
(434, 1, 7, '2025-01-16 11:56:20', 0),
(435, 1, 1, '2025-01-16 11:56:20', 0),
(436, 1, 4, '2025-01-16 11:56:20', 0),
(437, 1, 3, '2025-01-16 11:56:20', 0),
(438, 1, 6, '2025-01-16 11:56:20', 0),
(441, 1, 1, '2025-01-16 11:56:21', 0),
(442, 1, 8, '2025-01-16 11:56:21', 0),
(443, 1, 7, '2025-01-16 11:56:21', 0),
(444, 1, 2, '2025-01-16 11:56:21', 0),
(445, 1, 4, '2025-01-16 11:56:21', 0),
(448, 1, 2, '2025-01-16 11:56:23', 0),
(449, 1, 5, '2025-01-16 11:56:23', 0),
(450, 1, 1, '2025-01-16 11:56:23', 0),
(451, 1, 3, '2025-01-16 11:56:23', 0),
(452, 1, 4, '2025-01-16 11:56:23', 0),
(455, 1, 3, '2025-01-16 11:56:24', 0),
(456, 1, 5, '2025-01-16 11:56:24', 0),
(457, 1, 6, '2025-01-16 11:56:24', 0),
(458, 1, 1, '2025-01-16 11:56:24', 0),
(459, 1, 2, '2025-01-16 11:56:24', 0),
(462, 1, 4, '2025-01-16 11:56:26', 0),
(463, 1, 3, '2025-01-16 11:56:26', 0),
(464, 1, 5, '2025-01-16 11:56:26', 0),
(465, 1, 1, '2025-01-16 11:56:26', 0),
(466, 1, 7, '2025-01-16 11:56:26', 0),
(469, 1, 6, '2025-01-16 11:56:27', 0),
(470, 1, 2, '2025-01-16 11:56:27', 0),
(471, 1, 1, '2025-01-16 11:56:27', 0),
(472, 1, 3, '2025-01-16 11:56:27', 0),
(473, 1, 5, '2025-01-16 11:56:27', 0),
(476, 1, 3, '2025-01-16 11:56:28', 0),
(477, 1, 4, '2025-01-16 11:56:28', 0),
(478, 1, 2, '2025-01-16 11:56:28', 0),
(479, 1, 7, '2025-01-16 11:56:28', 0),
(480, 1, 5, '2025-01-16 11:56:28', 0),
(483, 1, 7, '2025-01-16 11:56:29', 0),
(484, 1, 4, '2025-01-16 11:56:29', 0),
(485, 1, 3, '2025-01-16 11:56:29', 0),
(486, 1, 1, '2025-01-16 11:56:29', 0),
(487, 1, 8, '2025-01-16 11:56:29', 0),
(490, 1, 3, '2025-01-16 11:56:31', 0),
(491, 1, 6, '2025-01-16 11:56:31', 0),
(492, 1, 1, '2025-01-16 11:56:31', 0),
(493, 1, 4, '2025-01-16 11:56:31', 0),
(494, 1, 7, '2025-01-16 11:56:31', 0),
(497, 1, 3, '2025-01-16 11:56:32', 0),
(498, 1, 8, '2025-01-16 11:56:32', 0),
(499, 1, 5, '2025-01-16 11:56:32', 0),
(500, 1, 6, '2025-01-16 11:56:32', 0),
(501, 1, 4, '2025-01-16 11:56:32', 0),
(504, 1, 5, '2025-01-16 11:56:34', 0),
(505, 1, 8, '2025-01-16 11:56:34', 0),
(506, 1, 7, '2025-01-16 11:56:34', 0),
(507, 1, 6, '2025-01-16 11:56:34', 0),
(508, 1, 1, '2025-01-16 11:56:34', 0),
(511, 1, 8, '2025-01-16 11:56:35', 0),
(512, 1, 6, '2025-01-16 11:56:35', 0),
(513, 1, 7, '2025-01-16 11:56:35', 0),
(514, 1, 2, '2025-01-16 11:56:35', 0),
(515, 1, 1, '2025-01-16 11:56:35', 0),
(518, 1, 2, '2025-01-16 11:56:37', 0),
(519, 1, 8, '2025-01-16 11:56:37', 0),
(520, 1, 5, '2025-01-16 11:56:37', 0),
(521, 1, 4, '2025-01-16 11:56:37', 0),
(522, 1, 6, '2025-01-16 11:56:37', 0),
(525, 1, 4, '2025-01-16 11:56:38', 0),
(526, 1, 8, '2025-01-16 11:56:38', 0),
(527, 1, 2, '2025-01-16 11:56:38', 0),
(528, 1, 3, '2025-01-16 11:56:38', 0),
(529, 1, 6, '2025-01-16 11:56:38', 0),
(532, 1, 7, '2025-01-16 11:56:39', 0),
(533, 1, 6, '2025-01-16 11:56:39', 0),
(534, 1, 3, '2025-01-16 11:56:39', 0),
(535, 1, 4, '2025-01-16 11:56:39', 0),
(536, 1, 5, '2025-01-16 11:56:39', 0),
(539, 1, 4, '2025-01-16 11:56:41', 0),
(540, 1, 3, '2025-01-16 11:56:41', 0),
(541, 1, 7, '2025-01-16 11:56:41', 0),
(542, 1, 6, '2025-01-16 11:56:41', 0),
(543, 1, 1, '2025-01-16 11:56:41', 0),
(546, 1, 5, '2025-01-16 11:56:45', 0),
(547, 1, 7, '2025-01-16 11:56:45', 0),
(548, 1, 6, '2025-01-16 11:56:45', 0),
(549, 1, 3, '2025-01-16 11:56:45', 0),
(550, 1, 2, '2025-01-16 11:56:45', 0),
(553, 1, 5, '2025-01-16 11:56:53', 0),
(554, 1, 7, '2025-01-16 11:56:53', 0),
(555, 1, 4, '2025-01-16 11:56:53', 0),
(556, 1, 1, '2025-01-16 11:56:53', 0),
(557, 1, 6, '2025-01-16 11:56:53', 0),
(560, 1, 5, '2025-01-16 11:58:00', 0),
(561, 1, 1, '2025-01-16 11:58:00', 0),
(562, 1, 4, '2025-01-16 11:58:00', 0),
(563, 1, 3, '2025-01-16 11:58:00', 0),
(564, 1, 6, '2025-01-16 11:58:00', 0),
(567, 1, 6, '2025-01-16 11:58:02', 0),
(568, 1, 4, '2025-01-16 11:58:02', 0),
(569, 1, 1, '2025-01-16 11:58:02', 0),
(570, 1, 3, '2025-01-16 11:58:02', 0),
(571, 1, 5, '2025-01-16 11:58:02', 0),
(574, 1, 5, '2025-01-16 11:58:25', 0),
(575, 1, 3, '2025-01-16 11:58:25', 0),
(576, 1, 1, '2025-01-16 11:58:25', 0),
(577, 1, 4, '2025-01-16 11:58:25', 0),
(578, 1, 2, '2025-01-16 11:58:25', 0),
(581, 1, 8, '2025-01-16 11:59:25', 0),
(582, 1, 6, '2025-01-16 11:59:25', 0),
(583, 1, 4, '2025-01-16 11:59:25', 0),
(584, 1, 1, '2025-01-16 11:59:25', 0),
(585, 1, 3, '2025-01-16 11:59:25', 0),
(588, 1, 8, '2025-01-16 11:59:51', 0),
(589, 1, 6, '2025-01-16 11:59:51', 0),
(590, 1, 3, '2025-01-16 11:59:51', 0),
(591, 1, 1, '2025-01-16 11:59:51', 0),
(592, 1, 7, '2025-01-16 11:59:51', 0),
(595, 1, 1, '2025-01-16 12:06:50', 0),
(596, 1, 6, '2025-01-16 12:06:50', 0),
(597, 1, 8, '2025-01-16 12:06:50', 0),
(598, 1, 2, '2025-01-16 12:06:50', 0),
(599, 1, 3, '2025-01-16 12:06:50', 0),
(602, 1, 1, '2025-01-16 12:08:13', 0),
(603, 1, 4, '2025-01-16 12:08:13', 0),
(604, 1, 2, '2025-01-16 12:08:13', 0),
(605, 1, 6, '2025-01-16 12:08:13', 0),
(606, 1, 7, '2025-01-16 12:08:13', 0),
(609, 1, 1, '2025-01-16 12:08:16', 0),
(610, 1, 4, '2025-01-16 12:08:16', 0),
(611, 1, 2, '2025-01-16 12:08:16', 0),
(612, 1, 8, '2025-01-16 12:08:16', 0),
(613, 1, 3, '2025-01-16 12:08:16', 0),
(616, 1, 6, '2025-01-16 12:08:18', 0),
(617, 1, 7, '2025-01-16 12:08:18', 0),
(618, 1, 1, '2025-01-16 12:08:18', 0),
(619, 1, 5, '2025-01-16 12:08:18', 0),
(620, 1, 3, '2025-01-16 12:08:18', 0),
(623, 1, 4, '2025-01-16 12:08:43', 0),
(624, 1, 3, '2025-01-16 12:08:43', 0),
(625, 1, 2, '2025-01-16 12:08:43', 0),
(626, 1, 5, '2025-01-16 12:08:43', 0),
(627, 1, 1, '2025-01-16 12:08:43', 0),
(630, 1, 2, '2025-01-16 12:08:46', 0),
(631, 1, 6, '2025-01-16 12:08:46', 0),
(632, 1, 8, '2025-01-16 12:08:46', 0),
(633, 1, 7, '2025-01-16 12:08:46', 0),
(634, 1, 3, '2025-01-16 12:08:46', 0),
(637, 1, 6, '2025-01-16 12:09:03', 0),
(638, 1, 3, '2025-01-16 12:09:03', 0),
(639, 1, 7, '2025-01-16 12:09:03', 0),
(640, 1, 1, '2025-01-16 12:09:03', 0),
(641, 1, 5, '2025-01-16 12:09:03', 0),
(644, 1, 8, '2025-01-16 12:09:04', 0),
(645, 1, 6, '2025-01-16 12:09:04', 0),
(646, 1, 1, '2025-01-16 12:09:04', 0),
(647, 1, 3, '2025-01-16 12:09:04', 0),
(648, 1, 4, '2025-01-16 12:09:04', 0),
(651, 1, 8, '2025-01-16 12:09:05', 0),
(652, 1, 3, '2025-01-16 12:09:05', 0),
(653, 1, 6, '2025-01-16 12:09:05', 0),
(654, 1, 7, '2025-01-16 12:09:05', 0),
(655, 1, 1, '2025-01-16 12:09:05', 0),
(658, 1, 7, '2025-01-16 12:09:06', 0),
(659, 1, 1, '2025-01-16 12:09:06', 0),
(660, 1, 2, '2025-01-16 12:09:06', 0),
(661, 1, 8, '2025-01-16 12:09:06', 0),
(662, 1, 3, '2025-01-16 12:09:06', 0),
(665, 1, 1, '2025-01-16 12:09:06', 0),
(666, 1, 5, '2025-01-16 12:09:06', 0),
(667, 1, 3, '2025-01-16 12:09:06', 0),
(668, 1, 4, '2025-01-16 12:09:06', 0),
(669, 1, 7, '2025-01-16 12:09:06', 0),
(672, 1, 5, '2025-01-16 12:09:07', 0),
(673, 1, 3, '2025-01-16 12:09:07', 0),
(674, 1, 4, '2025-01-16 12:09:07', 0),
(675, 1, 2, '2025-01-16 12:09:07', 0),
(676, 1, 7, '2025-01-16 12:09:07', 0),
(679, 1, 1, '2025-01-16 12:09:07', 0),
(680, 1, 6, '2025-01-16 12:09:07', 0),
(681, 1, 3, '2025-01-16 12:09:07', 0),
(682, 1, 4, '2025-01-16 12:09:07', 0),
(683, 1, 7, '2025-01-16 12:09:07', 0),
(686, 1, 5, '2025-01-16 12:09:08', 0),
(687, 1, 8, '2025-01-16 12:09:08', 0),
(688, 1, 2, '2025-01-16 12:09:08', 0),
(689, 1, 6, '2025-01-16 12:09:08', 0),
(690, 1, 4, '2025-01-16 12:09:08', 0),
(693, 1, 8, '2025-01-16 12:09:09', 0),
(694, 1, 3, '2025-01-16 12:09:09', 0),
(695, 1, 1, '2025-01-16 12:09:09', 0),
(696, 1, 4, '2025-01-16 12:09:09', 0),
(697, 1, 6, '2025-01-16 12:09:09', 0),
(700, 1, 2, '2025-01-16 12:09:09', 0),
(701, 1, 5, '2025-01-16 12:09:09', 0),
(702, 1, 7, '2025-01-16 12:09:09', 0),
(703, 1, 4, '2025-01-16 12:09:09', 0),
(704, 1, 1, '2025-01-16 12:09:09', 0),
(707, 1, 6, '2025-01-16 12:09:10', 0),
(708, 1, 1, '2025-01-16 12:09:10', 0),
(709, 1, 5, '2025-01-16 12:09:10', 0),
(710, 1, 7, '2025-01-16 12:09:10', 0),
(711, 1, 3, '2025-01-16 12:09:10', 0),
(714, 1, 6, '2025-01-16 12:09:11', 0),
(715, 1, 2, '2025-01-16 12:09:11', 0),
(716, 1, 1, '2025-01-16 12:09:11', 0),
(717, 1, 8, '2025-01-16 12:09:11', 0),
(718, 1, 4, '2025-01-16 12:09:11', 0),
(721, 1, 7, '2025-01-16 12:09:12', 0),
(722, 1, 5, '2025-01-16 12:09:12', 0),
(723, 1, 8, '2025-01-16 12:09:12', 0),
(724, 1, 3, '2025-01-16 12:09:12', 0),
(725, 1, 6, '2025-01-16 12:09:12', 0),
(728, 1, 5, '2025-01-16 12:09:13', 0),
(729, 1, 1, '2025-01-16 12:09:13', 0),
(730, 1, 8, '2025-01-16 12:09:13', 0),
(731, 1, 2, '2025-01-16 12:09:13', 0),
(732, 1, 7, '2025-01-16 12:09:13', 0),
(735, 1, 3, '2025-01-16 12:09:15', 0),
(736, 1, 7, '2025-01-16 12:09:15', 0),
(737, 1, 1, '2025-01-16 12:09:15', 0),
(738, 1, 8, '2025-01-16 12:09:15', 0),
(739, 1, 5, '2025-01-16 12:09:15', 0),
(742, 1, 2, '2025-01-16 12:09:16', 0),
(743, 1, 7, '2025-01-16 12:09:16', 0),
(744, 1, 8, '2025-01-16 12:09:16', 0),
(745, 1, 6, '2025-01-16 12:09:16', 0),
(746, 1, 1, '2025-01-16 12:09:16', 0),
(749, 1, 3, '2025-01-16 12:10:20', 0),
(750, 1, 4, '2025-01-16 12:10:20', 0),
(751, 1, 2, '2025-01-16 12:10:20', 0),
(752, 1, 5, '2025-01-16 12:10:20', 0),
(753, 1, 8, '2025-01-16 12:10:20', 0),
(756, 1, 3, '2025-01-16 12:10:21', 0),
(757, 1, 4, '2025-01-16 12:10:21', 0),
(758, 1, 2, '2025-01-16 12:10:21', 0),
(759, 1, 8, '2025-01-16 12:10:21', 0),
(760, 1, 6, '2025-01-16 12:10:21', 0),
(763, 1, 2, '2025-01-16 12:10:22', 0),
(764, 1, 3, '2025-01-16 12:10:22', 0),
(765, 1, 4, '2025-01-16 12:10:22', 0),
(766, 1, 7, '2025-01-16 12:10:22', 0),
(767, 1, 8, '2025-01-16 12:10:22', 0),
(770, 1, 6, '2025-01-16 12:10:23', 0),
(771, 1, 2, '2025-01-16 12:10:23', 0),
(772, 1, 1, '2025-01-16 12:10:23', 0),
(773, 1, 5, '2025-01-16 12:10:23', 0),
(774, 1, 8, '2025-01-16 12:10:23', 0),
(777, 1, 7, '2025-01-16 12:10:30', 0),
(778, 1, 1, '2025-01-16 12:10:30', 0),
(779, 1, 8, '2025-01-16 12:10:30', 0),
(780, 1, 4, '2025-01-16 12:10:30', 0),
(781, 1, 3, '2025-01-16 12:10:30', 0),
(784, 1, 7, '2025-01-16 12:10:31', 0),
(785, 1, 1, '2025-01-16 12:10:31', 0),
(786, 1, 2, '2025-01-16 12:10:31', 0),
(787, 1, 8, '2025-01-16 12:10:31', 0),
(788, 1, 3, '2025-01-16 12:10:31', 0),
(791, 1, 4, '2025-01-16 12:15:28', 0),
(792, 1, 1, '2025-01-16 12:15:28', 0),
(793, 1, 7, '2025-01-16 12:15:28', 0),
(794, 1, 2, '2025-01-16 12:15:28', 0),
(795, 1, 5, '2025-01-16 12:15:28', 0),
(798, 1, 5, '2025-01-16 12:15:30', 0),
(799, 1, 8, '2025-01-16 12:15:30', 0),
(800, 1, 7, '2025-01-16 12:15:30', 0),
(801, 1, 4, '2025-01-16 12:15:30', 0),
(802, 1, 1, '2025-01-16 12:15:30', 0),
(805, 1, 3, '2025-01-16 12:15:31', 0),
(806, 1, 7, '2025-01-16 12:15:31', 0),
(807, 1, 5, '2025-01-16 12:15:31', 0),
(808, 1, 4, '2025-01-16 12:15:31', 0),
(809, 1, 2, '2025-01-16 12:15:31', 0),
(812, 1, 3, '2025-01-16 12:15:32', 0),
(813, 1, 2, '2025-01-16 12:15:32', 0),
(814, 1, 1, '2025-01-16 12:15:32', 0),
(815, 1, 4, '2025-01-16 12:15:32', 0),
(816, 1, 7, '2025-01-16 12:15:32', 0),
(819, 1, 6, '2025-01-16 12:15:33', 0),
(820, 1, 4, '2025-01-16 12:15:33', 0),
(821, 1, 8, '2025-01-16 12:15:33', 0),
(822, 1, 5, '2025-01-16 12:15:33', 0),
(823, 1, 1, '2025-01-16 12:15:33', 0),
(826, 1, 8, '2025-01-16 12:15:34', 0),
(827, 1, 1, '2025-01-16 12:15:34', 0),
(828, 1, 2, '2025-01-16 12:15:34', 0),
(829, 1, 5, '2025-01-16 12:15:34', 0),
(830, 1, 6, '2025-01-16 12:15:34', 0),
(833, 1, 1, '2025-01-16 12:15:35', 0),
(834, 1, 2, '2025-01-16 12:15:35', 0),
(835, 1, 7, '2025-01-16 12:15:35', 0),
(836, 1, 8, '2025-01-16 12:15:35', 0),
(837, 1, 3, '2025-01-16 12:15:35', 0),
(840, 1, 2, '2025-01-16 12:15:35', 0),
(841, 1, 8, '2025-01-16 12:15:35', 0),
(842, 1, 5, '2025-01-16 12:15:35', 0),
(843, 1, 7, '2025-01-16 12:15:35', 0),
(844, 1, 3, '2025-01-16 12:15:35', 0),
(847, 1, 2, '2025-01-16 12:15:36', 0),
(848, 1, 5, '2025-01-16 12:15:36', 0),
(849, 1, 1, '2025-01-16 12:15:36', 0),
(850, 1, 4, '2025-01-16 12:15:36', 0),
(851, 1, 7, '2025-01-16 12:15:36', 0),
(854, 1, 1, '2025-01-16 12:15:36', 0),
(855, 1, 8, '2025-01-16 12:15:36', 0),
(856, 1, 4, '2025-01-16 12:15:36', 0),
(857, 1, 2, '2025-01-16 12:15:36', 0),
(858, 1, 7, '2025-01-16 12:15:36', 0),
(861, 1, 1, '2025-01-16 12:15:37', 0),
(862, 1, 2, '2025-01-16 12:15:37', 0),
(863, 1, 3, '2025-01-16 12:15:37', 0),
(864, 1, 5, '2025-01-16 12:15:37', 0),
(865, 1, 7, '2025-01-16 12:15:37', 0),
(868, 1, 1, '2025-01-16 12:15:38', 0),
(869, 1, 2, '2025-01-16 12:15:38', 0),
(870, 1, 7, '2025-01-16 12:15:38', 0),
(871, 1, 8, '2025-01-16 12:15:38', 0),
(872, 1, 3, '2025-01-16 12:15:38', 0),
(875, 1, 5, '2025-01-16 12:15:38', 0),
(876, 1, 4, '2025-01-16 12:15:38', 0),
(877, 1, 8, '2025-01-16 12:15:38', 0),
(878, 1, 2, '2025-01-16 12:15:38', 0),
(879, 1, 3, '2025-01-16 12:15:38', 0),
(882, 1, 2, '2025-01-16 12:15:39', 0),
(883, 1, 6, '2025-01-16 12:15:39', 0),
(884, 1, 4, '2025-01-16 12:15:39', 0),
(885, 1, 7, '2025-01-16 12:15:39', 0),
(886, 1, 5, '2025-01-16 12:15:39', 0),
(889, 1, 8, '2025-01-16 12:55:21', 0),
(890, 1, 3, '2025-01-16 12:55:21', 0),
(891, 1, 4, '2025-01-16 12:55:21', 0),
(892, 1, 6, '2025-01-16 12:55:21', 0),
(893, 1, 7, '2025-01-16 12:55:21', 0),
(896, 1, 7, '2025-01-16 12:55:22', 0),
(897, 1, 4, '2025-01-16 12:55:22', 0),
(898, 1, 2, '2025-01-16 12:55:22', 0),
(899, 1, 8, '2025-01-16 12:55:22', 0),
(900, 1, 3, '2025-01-16 12:55:22', 0),
(903, 1, 5, '2025-01-16 12:55:23', 0),
(904, 1, 1, '2025-01-16 12:55:23', 0),
(905, 1, 7, '2025-01-16 12:55:23', 0),
(906, 1, 4, '2025-01-16 12:55:23', 0),
(907, 1, 3, '2025-01-16 12:55:23', 0),
(910, 1, 3, '2025-01-16 12:55:24', 0),
(911, 1, 7, '2025-01-16 12:55:24', 0),
(912, 1, 6, '2025-01-16 12:55:24', 0),
(913, 1, 8, '2025-01-16 12:55:24', 0),
(914, 1, 1, '2025-01-16 12:55:24', 0),
(917, 1, 4, '2025-01-16 12:59:34', 0),
(918, 1, 1, '2025-01-16 12:59:34', 0),
(919, 1, 2, '2025-01-16 12:59:34', 0),
(920, 1, 5, '2025-01-16 12:59:34', 0),
(921, 1, 3, '2025-01-16 12:59:34', 0),
(924, 1, 7, '2025-01-16 12:59:35', 0),
(925, 1, 8, '2025-01-16 12:59:35', 0),
(926, 1, 4, '2025-01-16 12:59:35', 0),
(927, 1, 6, '2025-01-16 12:59:35', 0),
(928, 1, 2, '2025-01-16 12:59:35', 0),
(931, 1, 2, '2025-01-16 13:21:59', 0),
(932, 1, 7, '2025-01-16 13:21:59', 0),
(933, 1, 4, '2025-01-16 13:21:59', 0),
(934, 1, 5, '2025-01-16 13:21:59', 0),
(935, 1, 1, '2025-01-16 13:21:59', 0),
(938, 1, 2, '2025-01-16 13:22:00', 0),
(939, 1, 4, '2025-01-16 13:22:00', 0),
(940, 1, 5, '2025-01-16 13:22:00', 0),
(941, 1, 1, '2025-01-16 13:22:00', 0),
(942, 1, 7, '2025-01-16 13:22:00', 0),
(945, 1, 8, '2025-01-16 13:22:01', 0),
(946, 1, 1, '2025-01-16 13:22:01', 0),
(947, 1, 3, '2025-01-16 13:22:01', 0),
(948, 1, 7, '2025-01-16 13:22:01', 0),
(949, 1, 6, '2025-01-16 13:22:01', 0),
(952, 1, 6, '2025-01-16 13:22:02', 0),
(953, 1, 5, '2025-01-16 13:22:02', 0),
(954, 1, 4, '2025-01-16 13:22:02', 0),
(955, 1, 7, '2025-01-16 13:22:02', 0),
(956, 1, 3, '2025-01-16 13:22:02', 0),
(959, 1, 4, '2025-01-16 13:23:25', 0),
(960, 1, 1, '2025-01-16 13:23:25', 0),
(961, 1, 8, '2025-01-16 13:23:25', 0),
(962, 1, 2, '2025-01-16 13:23:25', 0),
(963, 1, 3, '2025-01-16 13:23:25', 0),
(966, 1, 4, '2025-01-16 13:23:25', 0),
(967, 1, 2, '2025-01-16 13:23:25', 0),
(968, 1, 5, '2025-01-16 13:23:25', 0),
(969, 1, 8, '2025-01-16 13:23:25', 0),
(970, 1, 1, '2025-01-16 13:23:25', 0),
(973, 1, 3, '2025-01-16 13:23:26', 0),
(974, 1, 6, '2025-01-16 13:23:26', 0),
(975, 1, 7, '2025-01-16 13:23:26', 0),
(976, 1, 8, '2025-01-16 13:23:26', 0),
(977, 1, 2, '2025-01-16 13:23:26', 0),
(980, 1, 8, '2025-01-16 13:23:26', 0),
(981, 1, 4, '2025-01-16 13:23:26', 0),
(982, 1, 7, '2025-01-16 13:23:26', 0),
(983, 1, 6, '2025-01-16 13:23:26', 0),
(984, 1, 1, '2025-01-16 13:23:26', 0),
(987, 1, 5, '2025-01-16 13:23:27', 0),
(988, 1, 8, '2025-01-16 13:23:27', 0),
(989, 1, 6, '2025-01-16 13:23:27', 0),
(990, 1, 4, '2025-01-16 13:23:27', 0),
(991, 1, 2, '2025-01-16 13:23:27', 0),
(994, 1, 6, '2025-01-16 13:23:27', 0),
(995, 1, 4, '2025-01-16 13:23:27', 0),
(996, 1, 2, '2025-01-16 13:23:27', 0),
(997, 1, 1, '2025-01-16 13:23:27', 0),
(998, 1, 7, '2025-01-16 13:23:27', 0),
(1001, 1, 8, '2025-01-16 13:23:28', 0),
(1002, 1, 6, '2025-01-16 13:23:28', 0),
(1003, 1, 4, '2025-01-16 13:23:28', 0),
(1004, 1, 2, '2025-01-16 13:23:28', 0),
(1005, 1, 1, '2025-01-16 13:23:28', 0),
(1008, 1, 4, '2025-01-16 13:23:29', 0),
(1009, 1, 7, '2025-01-16 13:23:29', 0),
(1010, 1, 6, '2025-01-16 13:23:29', 0),
(1011, 1, 8, '2025-01-16 13:23:29', 0),
(1012, 1, 2, '2025-01-16 13:23:29', 0),
(1015, 1, 1, '2025-01-16 13:23:30', 0),
(1016, 1, 7, '2025-01-16 13:23:30', 0),
(1017, 1, 6, '2025-01-16 13:23:30', 0),
(1018, 1, 5, '2025-01-16 13:23:30', 0),
(1019, 1, 2, '2025-01-16 13:23:30', 0),
(1022, 1, 7, '2025-01-16 13:23:31', 0),
(1023, 1, 2, '2025-01-16 13:23:31', 0),
(1024, 1, 3, '2025-01-16 13:23:31', 0),
(1025, 1, 8, '2025-01-16 13:23:31', 0),
(1026, 1, 5, '2025-01-16 13:23:31', 0),
(1029, 1, 2, '2025-01-16 13:23:32', 0),
(1030, 1, 4, '2025-01-16 13:23:32', 0),
(1031, 1, 5, '2025-01-16 13:23:32', 0),
(1032, 1, 3, '2025-01-16 13:23:32', 0),
(1033, 1, 8, '2025-01-16 13:23:32', 0),
(1036, 1, 4, '2025-01-16 13:23:32', 0),
(1037, 1, 1, '2025-01-16 13:23:32', 0),
(1038, 1, 5, '2025-01-16 13:23:32', 0),
(1039, 1, 6, '2025-01-16 13:23:32', 0),
(1040, 1, 3, '2025-01-16 13:23:32', 0),
(1043, 1, 3, '2025-01-16 13:23:33', 0),
(1044, 1, 8, '2025-01-16 13:23:33', 0),
(1045, 1, 6, '2025-01-16 13:23:33', 0),
(1046, 1, 5, '2025-01-16 13:23:33', 0),
(1047, 1, 4, '2025-01-16 13:23:33', 0),
(1050, 1, 6, '2025-01-16 13:23:34', 0),
(1051, 1, 2, '2025-01-16 13:23:34', 0),
(1052, 1, 8, '2025-01-16 13:23:34', 0),
(1053, 1, 3, '2025-01-16 13:23:34', 0),
(1054, 1, 5, '2025-01-16 13:23:34', 0),
(1057, 1, 1, '2025-01-16 13:23:35', 0),
(1058, 1, 8, '2025-01-16 13:23:35', 0),
(1059, 1, 2, '2025-01-16 13:23:35', 0),
(1060, 1, 4, '2025-01-16 13:23:35', 0),
(1061, 1, 6, '2025-01-16 13:23:35', 0),
(1064, 1, 4, '2025-01-16 13:23:35', 0),
(1065, 1, 7, '2025-01-16 13:23:35', 0),
(1066, 1, 3, '2025-01-16 13:23:35', 0),
(1067, 1, 1, '2025-01-16 13:23:35', 0),
(1068, 1, 6, '2025-01-16 13:23:35', 0),
(1071, 1, 3, '2025-01-16 13:26:24', 0),
(1072, 1, 6, '2025-01-16 13:26:24', 0),
(1073, 1, 4, '2025-01-16 13:26:24', 0),
(1074, 1, 2, '2025-01-16 13:26:24', 0),
(1075, 1, 1, '2025-01-16 13:26:24', 0),
(1078, 1, 5, '2025-01-16 13:26:24', 0),
(1079, 1, 8, '2025-01-16 13:26:24', 0),
(1080, 1, 4, '2025-01-16 13:26:24', 0),
(1081, 1, 3, '2025-01-16 13:26:24', 0),
(1082, 1, 1, '2025-01-16 13:26:24', 0),
(1085, 1, 7, '2025-01-16 13:28:02', 0),
(1086, 1, 8, '2025-01-16 13:28:02', 0),
(1087, 1, 5, '2025-01-16 13:28:02', 0),
(1088, 1, 3, '2025-01-16 13:28:02', 0),
(1089, 1, 1, '2025-01-16 13:28:02', 0),
(1092, 1, 1, '2025-01-16 13:28:03', 0),
(1093, 1, 7, '2025-01-16 13:28:03', 0),
(1094, 1, 8, '2025-01-16 13:28:03', 0),
(1095, 1, 6, '2025-01-16 13:28:03', 0),
(1096, 1, 4, '2025-01-16 13:28:03', 0),
(1099, 1, 3, '2025-01-16 13:28:10', 0),
(1100, 1, 8, '2025-01-16 13:28:10', 0),
(1101, 1, 4, '2025-01-16 13:28:10', 0),
(1102, 1, 6, '2025-01-16 13:28:10', 0),
(1103, 1, 2, '2025-01-16 13:28:10', 0),
(1106, 1, 2, '2025-01-16 13:28:15', 0),
(1107, 1, 1, '2025-01-16 13:28:15', 0),
(1108, 1, 6, '2025-01-16 13:28:15', 0),
(1109, 1, 3, '2025-01-16 13:28:15', 0),
(1110, 1, 8, '2025-01-16 13:28:15', 0),
(1113, 1, 1, '2025-01-16 13:28:22', 0),
(1114, 1, 2, '2025-01-16 13:28:22', 0),
(1115, 1, 3, '2025-01-16 13:28:22', 0),
(1116, 1, 4, '2025-01-16 13:28:22', 0),
(1117, 1, 6, '2025-01-16 13:28:22', 0),
(1120, 1, 7, '2025-01-16 13:28:22', 0),
(1121, 1, 4, '2025-01-16 13:28:22', 0),
(1122, 1, 1, '2025-01-16 13:28:22', 0),
(1123, 1, 6, '2025-01-16 13:28:22', 0),
(1124, 1, 5, '2025-01-16 13:28:22', 0),
(1127, 1, 8, '2025-01-16 13:55:51', 0),
(1128, 1, 6, '2025-01-16 13:55:51', 0),
(1129, 1, 5, '2025-01-16 13:55:51', 0),
(1130, 1, 7, '2025-01-16 13:55:51', 0),
(1131, 1, 1, '2025-01-16 13:55:51', 0),
(1134, 1, 8, '2025-01-16 13:55:52', 0),
(1135, 1, 1, '2025-01-16 13:55:52', 0),
(1136, 1, 7, '2025-01-16 13:55:52', 0),
(1137, 1, 3, '2025-01-16 13:55:52', 0),
(1138, 1, 4, '2025-01-16 13:55:52', 0),
(1141, 1, 8, '2025-01-16 13:55:53', 0),
(1142, 1, 6, '2025-01-16 13:55:53', 0),
(1143, 1, 4, '2025-01-16 13:55:53', 0),
(1144, 1, 3, '2025-01-16 13:55:53', 0),
(1145, 1, 5, '2025-01-16 13:55:53', 0),
(1148, 1, 6, '2025-01-16 13:55:55', 0),
(1149, 1, 5, '2025-01-16 13:55:55', 0),
(1150, 1, 1, '2025-01-16 13:55:55', 0),
(1151, 1, 8, '2025-01-16 13:55:55', 0),
(1152, 1, 2, '2025-01-16 13:55:55', 0),
(1155, 1, 5, '2025-01-16 13:57:09', 0),
(1156, 1, 7, '2025-01-16 13:57:09', 0),
(1157, 1, 4, '2025-01-16 13:57:09', 0),
(1158, 1, 3, '2025-01-16 13:57:09', 0),
(1159, 1, 6, '2025-01-16 13:57:09', 0),
(1162, 1, 4, '2025-01-16 13:57:09', 0),
(1163, 1, 7, '2025-01-16 13:57:09', 0),
(1164, 1, 2, '2025-01-16 13:57:09', 0),
(1165, 1, 3, '2025-01-16 13:57:09', 0),
(1166, 1, 5, '2025-01-16 13:57:09', 0),
(1169, 1, 7, '2025-01-16 14:27:34', 0),
(1170, 1, 5, '2025-01-16 14:27:34', 0),
(1171, 1, 1, '2025-01-16 14:27:34', 0),
(1172, 1, 8, '2025-01-16 14:27:34', 0),
(1173, 1, 3, '2025-01-16 14:27:34', 0),
(1176, 1, 1, '2025-01-16 14:27:35', 0),
(1177, 1, 8, '2025-01-16 14:27:35', 0),
(1178, 1, 5, '2025-01-16 14:27:35', 0),
(1179, 1, 2, '2025-01-16 14:27:35', 0),
(1180, 1, 3, '2025-01-16 14:27:35', 0),
(1183, 1, 7, '2025-01-16 14:35:00', 0),
(1184, 1, 5, '2025-01-16 14:35:00', 0),
(1185, 1, 3, '2025-01-16 14:35:00', 0),
(1186, 1, 2, '2025-01-16 14:35:00', 0),
(1187, 1, 4, '2025-01-16 14:35:00', 0),
(1190, 1, 1, '2025-01-16 14:35:00', 0),
(1191, 1, 7, '2025-01-16 14:35:00', 0),
(1192, 1, 5, '2025-01-16 14:35:00', 0),
(1193, 1, 3, '2025-01-16 14:35:00', 0),
(1194, 1, 4, '2025-01-16 14:35:00', 0),
(1197, 1, 6, '2025-01-16 14:35:09', 0),
(1198, 1, 8, '2025-01-16 14:35:09', 0),
(1199, 1, 7, '2025-01-16 14:35:09', 0),
(1200, 1, 2, '2025-01-16 14:35:09', 0),
(1201, 1, 1, '2025-01-16 14:35:09', 0),
(1204, 1, 7, '2025-01-16 14:35:10', 0),
(1205, 1, 4, '2025-01-16 14:35:10', 0),
(1206, 1, 6, '2025-01-16 14:35:10', 0),
(1207, 1, 2, '2025-01-16 14:35:10', 0),
(1208, 1, 1, '2025-01-16 14:35:10', 0),
(1211, 1, 6, '2025-01-16 14:45:05', 0),
(1212, 1, 4, '2025-01-16 14:45:05', 0),
(1213, 1, 5, '2025-01-16 14:45:05', 0),
(1214, 1, 7, '2025-01-16 14:45:05', 0),
(1215, 1, 8, '2025-01-16 14:45:05', 0),
(1218, 1, 4, '2025-01-16 14:45:06', 0),
(1219, 1, 6, '2025-01-16 14:45:06', 0),
(1220, 1, 2, '2025-01-16 14:45:06', 0),
(1221, 1, 1, '2025-01-16 14:45:06', 0),
(1222, 1, 7, '2025-01-16 14:45:06', 0),
(1225, 1, 6, '2025-01-16 14:45:47', 0),
(1226, 1, 4, '2025-01-16 14:45:47', 0),
(1227, 1, 3, '2025-01-16 14:45:47', 0),
(1228, 1, 2, '2025-01-16 14:45:47', 0),
(1229, 1, 1, '2025-01-16 14:45:47', 0),
(1232, 1, 1, '2025-01-16 14:45:47', 0),
(1233, 1, 3, '2025-01-16 14:45:47', 0),
(1234, 1, 6, '2025-01-16 14:45:47', 0),
(1235, 1, 4, '2025-01-16 14:45:47', 0),
(1236, 1, 7, '2025-01-16 14:45:47', 0),
(1239, 1, 4, '2025-01-16 14:45:48', 0),
(1240, 1, 7, '2025-01-16 14:45:48', 0),
(1241, 1, 5, '2025-01-16 14:45:48', 0),
(1242, 1, 2, '2025-01-16 14:45:48', 0),
(1243, 1, 6, '2025-01-16 14:45:48', 0),
(1246, 1, 6, '2025-01-16 14:45:49', 0),
(1247, 1, 1, '2025-01-16 14:45:49', 0),
(1248, 1, 4, '2025-01-16 14:45:49', 0),
(1249, 1, 5, '2025-01-16 14:45:49', 0),
(1250, 1, 8, '2025-01-16 14:45:49', 0),
(1253, 1, 1, '2025-01-16 14:45:50', 0),
(1254, 1, 4, '2025-01-16 14:45:50', 0),
(1255, 1, 2, '2025-01-16 14:45:50', 0),
(1256, 1, 3, '2025-01-16 14:45:50', 0),
(1257, 1, 8, '2025-01-16 14:45:50', 0),
(1260, 1, 6, '2025-01-16 14:45:51', 0),
(1261, 1, 2, '2025-01-16 14:45:51', 0),
(1262, 1, 7, '2025-01-16 14:45:51', 0),
(1263, 1, 1, '2025-01-16 14:45:51', 0),
(1264, 1, 3, '2025-01-16 14:45:51', 0),
(1267, 1, 4, '2025-01-16 14:45:52', 0),
(1268, 1, 2, '2025-01-16 14:45:52', 0),
(1269, 1, 8, '2025-01-16 14:45:52', 0),
(1270, 1, 1, '2025-01-16 14:45:52', 0),
(1271, 1, 3, '2025-01-16 14:45:52', 0),
(1274, 1, 2, '2025-01-16 14:45:53', 0),
(1275, 1, 4, '2025-01-16 14:45:53', 0),
(1276, 1, 8, '2025-01-16 14:45:53', 0),
(1277, 1, 7, '2025-01-16 14:45:53', 0),
(1278, 1, 6, '2025-01-16 14:45:53', 0),
(1281, 1, 4, '2025-01-16 14:45:59', 0),
(1282, 1, 3, '2025-01-16 14:45:59', 0),
(1283, 1, 5, '2025-01-16 14:45:59', 0),
(1284, 1, 6, '2025-01-16 14:45:59', 0),
(1285, 1, 1, '2025-01-16 14:45:59', 0),
(1288, 1, 8, '2025-01-16 14:46:00', 0),
(1289, 1, 4, '2025-01-16 14:46:00', 0),
(1290, 1, 5, '2025-01-16 14:46:00', 0),
(1291, 1, 3, '2025-01-16 14:46:00', 0),
(1292, 1, 1, '2025-01-16 14:46:00', 0),
(1295, 1, 6, '2025-01-16 15:00:01', 0),
(1296, 1, 5, '2025-01-16 15:00:01', 0),
(1297, 1, 3, '2025-01-16 15:00:01', 0),
(1298, 1, 2, '2025-01-16 15:00:01', 0),
(1299, 1, 7, '2025-01-16 15:00:01', 0),
(1302, 1, 2, '2025-01-16 15:00:03', 0),
(1303, 1, 7, '2025-01-16 15:00:03', 0),
(1304, 1, 4, '2025-01-16 15:00:03', 0),
(1305, 1, 6, '2025-01-16 15:00:03', 0),
(1306, 1, 1, '2025-01-16 15:00:03', 0),
(1309, 1, 6, '2025-01-16 15:00:35', 0),
(1310, 1, 4, '2025-01-16 15:00:35', 0),
(1311, 1, 8, '2025-01-16 15:00:35', 0),
(1312, 1, 2, '2025-01-16 15:00:35', 0),
(1313, 1, 5, '2025-01-16 15:00:35', 0),
(1316, 1, 6, '2025-01-16 15:00:37', 0),
(1317, 1, 3, '2025-01-16 15:00:37', 0),
(1318, 1, 5, '2025-01-16 15:00:37', 0),
(1319, 1, 2, '2025-01-16 15:00:37', 0),
(1320, 1, 4, '2025-01-16 15:00:37', 0),
(1323, 1, 7, '2025-01-16 15:01:07', 0),
(1324, 1, 1, '2025-01-16 15:01:07', 0),
(1325, 1, 2, '2025-01-16 15:01:07', 0),
(1326, 1, 6, '2025-01-16 15:01:07', 0),
(1327, 1, 8, '2025-01-16 15:01:07', 0),
(1330, 1, 2, '2025-01-16 15:01:08', 0),
(1331, 1, 7, '2025-01-16 15:01:08', 0),
(1332, 1, 5, '2025-01-16 15:01:08', 0),
(1333, 1, 6, '2025-01-16 15:01:08', 0),
(1334, 1, 1, '2025-01-16 15:01:08', 0),
(1337, 1, 5, '2025-01-16 15:01:09', 0),
(1338, 1, 6, '2025-01-16 15:01:09', 0),
(1339, 1, 1, '2025-01-16 15:01:09', 0),
(1340, 1, 8, '2025-01-16 15:01:09', 0),
(1341, 1, 2, '2025-01-16 15:01:09', 0),
(1344, 1, 1, '2025-01-16 15:01:10', 0),
(1345, 1, 7, '2025-01-16 15:01:10', 0),
(1346, 1, 6, '2025-01-16 15:01:10', 0),
(1347, 1, 8, '2025-01-16 15:01:10', 0),
(1348, 1, 2, '2025-01-16 15:01:10', 0),
(1351, 1, 5, '2025-01-16 15:06:11', 0),
(1352, 1, 3, '2025-01-16 15:06:11', 0),
(1353, 1, 2, '2025-01-16 15:06:11', 0),
(1354, 1, 8, '2025-01-16 15:06:11', 0),
(1355, 1, 4, '2025-01-16 15:06:11', 0),
(1358, 1, 7, '2025-01-16 15:06:12', 0),
(1359, 1, 8, '2025-01-16 15:06:12', 0),
(1360, 1, 4, '2025-01-16 15:06:12', 0),
(1361, 1, 2, '2025-01-16 15:06:12', 0),
(1362, 1, 3, '2025-01-16 15:06:12', 0),
(1365, 1, 1, '2025-01-16 15:06:13', 0),
(1366, 1, 7, '2025-01-16 15:06:13', 0),
(1367, 1, 4, '2025-01-16 15:06:13', 0),
(1368, 1, 6, '2025-01-16 15:06:13', 0),
(1369, 1, 8, '2025-01-16 15:06:13', 0),
(1372, 1, 1, '2025-01-16 15:06:13', 0),
(1373, 1, 6, '2025-01-16 15:06:13', 0),
(1374, 1, 2, '2025-01-16 15:06:13', 0),
(1375, 1, 4, '2025-01-16 15:06:13', 0),
(1376, 1, 7, '2025-01-16 15:06:13', 0),
(1379, 1, 2, '2025-01-16 15:14:24', 0),
(1380, 1, 4, '2025-01-16 15:14:24', 0),
(1381, 1, 3, '2025-01-16 15:14:24', 0),
(1382, 1, 1, '2025-01-16 15:14:24', 0),
(1383, 1, 7, '2025-01-16 15:14:24', 0),
(1386, 1, 3, '2025-01-16 15:14:26', 0),
(1387, 1, 2, '2025-01-16 15:14:26', 0),
(1388, 1, 1, '2025-01-16 15:14:26', 0),
(1389, 1, 8, '2025-01-16 15:14:26', 0),
(1390, 1, 4, '2025-01-16 15:14:26', 0),
(1393, 1, 5, '2025-01-16 15:14:35', 0),
(1394, 1, 6, '2025-01-16 15:14:35', 0),
(1395, 1, 2, '2025-01-16 15:14:35', 0),
(1396, 1, 8, '2025-01-16 15:14:35', 0),
(1397, 1, 7, '2025-01-16 15:14:35', 0),
(1400, 1, 7, '2025-01-16 15:14:36', 0),
(1401, 1, 8, '2025-01-16 15:14:36', 0),
(1402, 1, 3, '2025-01-16 15:14:36', 0),
(1403, 1, 1, '2025-01-16 15:14:36', 0),
(1404, 1, 4, '2025-01-16 15:14:36', 0),
(1407, 1, 3, '2025-01-16 15:16:25', 0),
(1408, 1, 4, '2025-01-16 15:16:25', 0),
(1409, 1, 7, '2025-01-16 15:16:25', 0),
(1410, 1, 5, '2025-01-16 15:16:25', 0),
(1411, 1, 1, '2025-01-16 15:16:25', 0),
(1414, 1, 1, '2025-01-16 15:16:27', 0),
(1415, 1, 8, '2025-01-16 15:16:27', 0),
(1416, 1, 6, '2025-01-16 15:16:27', 0),
(1417, 1, 3, '2025-01-16 15:16:27', 0),
(1418, 1, 2, '2025-01-16 15:16:27', 0),
(1421, 1, 5, '2025-01-16 15:16:41', 0),
(1422, 1, 7, '2025-01-16 15:16:41', 0),
(1423, 1, 8, '2025-01-16 15:16:41', 0),
(1424, 1, 2, '2025-01-16 15:16:41', 0),
(1425, 1, 1, '2025-01-16 15:16:41', 0),
(1428, 1, 5, '2025-01-16 15:16:51', 0),
(1429, 1, 6, '2025-01-16 15:16:51', 0),
(1430, 1, 1, '2025-01-16 15:16:51', 0),
(1431, 1, 3, '2025-01-16 15:16:51', 0),
(1432, 1, 8, '2025-01-16 15:16:51', 0),
(1433, 1, 7, '2025-01-17 07:59:09', 0),
(1434, 1, 4, '2025-01-17 07:59:09', 0),
(1435, 1, 6, '2025-01-17 07:59:09', 0),
(1436, 1, 5, '2025-01-17 07:59:09', 0),
(1437, 1, 3, '2025-01-17 07:59:09', 0),
(1440, 1, 5, '2025-01-17 07:59:10', 0),
(1441, 1, 4, '2025-01-17 07:59:10', 0),
(1442, 1, 8, '2025-01-17 07:59:10', 0),
(1443, 1, 7, '2025-01-17 07:59:10', 0),
(1444, 1, 1, '2025-01-17 07:59:10', 0),
(1447, 1, 4, '2025-01-17 08:36:13', 0),
(1448, 1, 3, '2025-01-17 08:36:13', 0),
(1449, 1, 6, '2025-01-17 08:36:13', 0),
(1450, 1, 5, '2025-01-17 08:36:13', 0),
(1451, 1, 8, '2025-01-17 08:36:13', 0),
(1454, 1, 6, '2025-01-17 08:36:16', 0),
(1455, 1, 3, '2025-01-17 08:36:16', 0),
(1456, 1, 8, '2025-01-17 08:36:16', 0),
(1457, 1, 4, '2025-01-17 08:36:16', 0),
(1458, 1, 2, '2025-01-17 08:36:16', 0),
(1461, 1, 2, '2025-01-17 08:36:17', 0),
(1462, 1, 3, '2025-01-17 08:36:17', 0),
(1463, 1, 1, '2025-01-17 08:36:17', 0),
(1464, 1, 7, '2025-01-17 08:36:17', 0),
(1465, 1, 8, '2025-01-17 08:36:17', 0),
(1468, 1, 3, '2025-01-17 08:36:18', 0),
(1469, 1, 8, '2025-01-17 08:36:18', 0),
(1470, 1, 2, '2025-01-17 08:36:18', 0),
(1471, 1, 5, '2025-01-17 08:36:18', 0),
(1472, 1, 1, '2025-01-17 08:36:18', 0),
(1475, 1, 7, '2025-01-17 09:03:05', 0),
(1476, 1, 4, '2025-01-17 09:03:05', 0),
(1477, 1, 5, '2025-01-17 09:03:05', 0),
(1478, 1, 8, '2025-01-17 09:03:05', 0),
(1479, 1, 3, '2025-01-17 09:03:05', 0),
(1482, 1, 1, '2025-01-17 09:03:06', 0),
(1483, 1, 2, '2025-01-17 09:03:06', 0),
(1484, 1, 4, '2025-01-17 09:03:06', 0),
(1485, 1, 6, '2025-01-17 09:03:06', 0),
(1486, 1, 7, '2025-01-17 09:03:06', 0),
(1489, 1, 6, '2025-01-17 09:04:04', 0),
(1490, 1, 1, '2025-01-17 09:04:04', 0),
(1491, 1, 2, '2025-01-17 09:04:04', 0),
(1492, 1, 4, '2025-01-17 09:04:04', 0),
(1493, 1, 8, '2025-01-17 09:04:04', 0),
(1496, 1, 4, '2025-01-17 09:04:05', 0),
(1497, 1, 8, '2025-01-17 09:04:05', 0),
(1498, 1, 7, '2025-01-17 09:04:05', 0),
(1499, 1, 1, '2025-01-17 09:04:05', 0),
(1500, 1, 3, '2025-01-17 09:04:05', 0),
(1503, 1, 4, '2025-01-17 09:04:08', 0),
(1504, 1, 6, '2025-01-17 09:04:08', 0),
(1505, 1, 5, '2025-01-17 09:04:08', 0),
(1506, 1, 7, '2025-01-17 09:04:08', 0),
(1507, 1, 1, '2025-01-17 09:04:08', 0),
(1510, 1, 8, '2025-01-17 09:04:09', 0),
(1511, 1, 3, '2025-01-17 09:04:09', 0),
(1512, 1, 6, '2025-01-17 09:04:09', 0),
(1513, 1, 2, '2025-01-17 09:04:09', 0),
(1514, 1, 5, '2025-01-17 09:04:09', 0),
(1517, 1, 5, '2025-01-17 09:04:30', 0),
(1518, 1, 3, '2025-01-17 09:04:30', 0),
(1519, 1, 2, '2025-01-17 09:04:30', 0),
(1520, 1, 8, '2025-01-17 09:04:30', 0),
(1521, 1, 6, '2025-01-17 09:04:30', 0),
(1524, 1, 8, '2025-01-17 09:04:31', 0),
(1525, 1, 7, '2025-01-17 09:04:31', 0),
(1526, 1, 2, '2025-01-17 09:04:31', 0),
(1527, 1, 1, '2025-01-17 09:04:31', 0),
(1528, 1, 6, '2025-01-17 09:04:31', 0),
(1531, 1, 5, '2025-01-17 09:05:30', 0),
(1532, 1, 1, '2025-01-17 09:05:30', 0),
(1533, 1, 8, '2025-01-17 09:05:30', 0),
(1534, 1, 7, '2025-01-17 09:05:30', 0),
(1535, 1, 3, '2025-01-17 09:05:30', 0),
(1538, 1, 4, '2025-01-17 09:05:31', 0),
(1539, 1, 8, '2025-01-17 09:05:31', 0),
(1540, 1, 5, '2025-01-17 09:05:31', 0),
(1541, 1, 7, '2025-01-17 09:05:31', 0),
(1542, 1, 1, '2025-01-17 09:05:31', 0),
(1545, 1, 8, '2025-01-17 09:07:31', 0),
(1546, 1, 5, '2025-01-17 09:07:31', 0),
(1547, 1, 3, '2025-01-17 09:07:31', 0),
(1548, 1, 4, '2025-01-17 09:07:31', 0),
(1549, 1, 6, '2025-01-17 09:07:31', 0),
(1552, 1, 2, '2025-01-17 09:07:34', 0),
(1553, 1, 5, '2025-01-17 09:07:34', 0),
(1554, 1, 3, '2025-01-17 09:07:34', 0),
(1555, 1, 4, '2025-01-17 09:07:34', 0),
(1556, 1, 6, '2025-01-17 09:07:34', 0),
(1559, 1, 1, '2025-01-17 09:16:07', 0),
(1560, 1, 8, '2025-01-17 09:16:07', 0),
(1561, 1, 3, '2025-01-17 09:16:07', 0),
(1562, 1, 2, '2025-01-17 09:16:07', 0),
(1563, 1, 5, '2025-01-17 09:16:07', 0),
(1566, 1, 7, '2025-01-17 09:16:08', 0),
(1567, 1, 6, '2025-01-17 09:16:08', 0),
(1568, 1, 8, '2025-01-17 09:16:08', 0),
(1569, 1, 2, '2025-01-17 09:16:08', 0),
(1570, 1, 4, '2025-01-17 09:16:08', 0),
(1573, 1, 3, '2025-01-17 10:17:25', 0),
(1574, 1, 5, '2025-01-17 10:17:25', 0),
(1575, 1, 4, '2025-01-17 10:17:25', 0),
(1576, 1, 2, '2025-01-17 10:17:25', 0),
(1577, 1, 8, '2025-01-17 10:17:25', 0),
(1580, 1, 5, '2025-01-17 10:17:52', 0),
(1581, 1, 4, '2025-01-17 10:17:52', 0),
(1582, 1, 8, '2025-01-17 10:17:52', 0),
(1583, 1, 3, '2025-01-17 10:17:52', 0),
(1584, 1, 7, '2025-01-17 10:17:52', 0),
(1587, 1, 4, '2025-01-17 10:18:00', 0),
(1588, 1, 5, '2025-01-17 10:18:00', 0),
(1589, 1, 2, '2025-01-17 10:18:00', 0),
(1590, 1, 1, '2025-01-17 10:18:00', 0),
(1591, 1, 7, '2025-01-17 10:18:00', 0),
(1594, 1, 5, '2025-01-17 10:18:01', 0),
(1595, 1, 7, '2025-01-17 10:18:01', 0),
(1596, 1, 8, '2025-01-17 10:18:01', 0),
(1597, 1, 4, '2025-01-17 10:18:01', 0),
(1598, 1, 6, '2025-01-17 10:18:01', 0),
(1601, 1, 6, '2025-01-17 10:18:02', 0),
(1602, 1, 7, '2025-01-17 10:18:02', 0),
(1603, 1, 2, '2025-01-17 10:18:02', 0),
(1604, 1, 1, '2025-01-17 10:18:02', 0),
(1605, 1, 4, '2025-01-17 10:18:02', 0),
(1608, 1, 5, '2025-01-17 10:18:02', 0),
(1609, 1, 1, '2025-01-17 10:18:02', 0),
(1610, 1, 3, '2025-01-17 10:18:02', 0),
(1611, 1, 8, '2025-01-17 10:18:02', 0),
(1612, 1, 2, '2025-01-17 10:18:02', 0),
(1615, 1, 3, '2025-01-17 10:18:03', 0),
(1616, 1, 1, '2025-01-17 10:18:03', 0),
(1617, 1, 5, '2025-01-17 10:18:03', 0),
(1618, 1, 7, '2025-01-17 10:18:03', 0),
(1619, 1, 6, '2025-01-17 10:18:03', 0),
(1622, 1, 3, '2025-01-17 10:18:04', 0),
(1623, 1, 4, '2025-01-17 10:18:04', 0),
(1624, 1, 1, '2025-01-17 10:18:04', 0),
(1625, 1, 8, '2025-01-17 10:18:04', 0),
(1626, 1, 5, '2025-01-17 10:18:04', 0),
(1629, 1, 1, '2025-01-17 10:18:05', 0),
(1630, 1, 2, '2025-01-17 10:18:05', 0),
(1631, 1, 6, '2025-01-17 10:18:05', 0),
(1632, 1, 4, '2025-01-17 10:18:05', 0),
(1633, 1, 3, '2025-01-17 10:18:05', 0),
(1636, 1, 2, '2025-01-17 10:18:06', 0),
(1637, 1, 1, '2025-01-17 10:18:06', 0),
(1638, 1, 8, '2025-01-17 10:18:06', 0),
(1639, 1, 6, '2025-01-17 10:18:06', 0),
(1640, 1, 4, '2025-01-17 10:18:06', 0),
(1643, 1, 8, '2025-01-17 10:18:06', 0),
(1644, 1, 4, '2025-01-17 10:18:06', 0),
(1645, 1, 6, '2025-01-17 10:18:06', 0),
(1646, 1, 3, '2025-01-17 10:18:06', 0),
(1647, 1, 5, '2025-01-17 10:18:06', 0),
(1650, 1, 2, '2025-01-17 10:18:07', 0),
(1651, 1, 7, '2025-01-17 10:18:07', 0),
(1652, 1, 6, '2025-01-17 10:18:07', 0),
(1653, 1, 1, '2025-01-17 10:18:07', 0),
(1654, 1, 8, '2025-01-17 10:18:07', 0),
(1657, 1, 4, '2025-01-17 10:18:08', 0),
(1658, 1, 3, '2025-01-17 10:18:08', 0),
(1659, 1, 6, '2025-01-17 10:18:08', 0),
(1660, 1, 7, '2025-01-17 10:18:08', 0),
(1661, 1, 8, '2025-01-17 10:18:08', 0),
(1664, 1, 3, '2025-01-17 10:18:08', 0),
(1665, 1, 4, '2025-01-17 10:18:08', 0),
(1666, 1, 6, '2025-01-17 10:18:08', 0),
(1667, 1, 5, '2025-01-17 10:18:08', 0),
(1668, 1, 8, '2025-01-17 10:18:08', 0),
(1671, 1, 4, '2025-01-17 10:18:09', 0),
(1672, 1, 2, '2025-01-17 10:18:09', 0),
(1673, 1, 6, '2025-01-17 10:18:09', 0),
(1674, 1, 7, '2025-01-17 10:18:09', 0),
(1675, 1, 3, '2025-01-17 10:18:09', 0),
(1678, 1, 3, '2025-01-17 10:18:10', 0),
(1679, 1, 6, '2025-01-17 10:18:10', 0),
(1680, 1, 1, '2025-01-17 10:18:10', 0),
(1681, 1, 8, '2025-01-17 10:18:10', 0),
(1682, 1, 7, '2025-01-17 10:18:10', 0),
(1685, 1, 6, '2025-01-17 10:18:22', 0),
(1686, 1, 7, '2025-01-17 10:18:22', 0),
(1687, 1, 5, '2025-01-17 10:18:22', 0),
(1688, 1, 1, '2025-01-17 10:18:22', 0),
(1689, 1, 4, '2025-01-17 10:18:22', 0),
(1692, 1, 1, '2025-01-17 10:18:24', 0),
(1693, 1, 3, '2025-01-17 10:18:24', 0),
(1694, 1, 4, '2025-01-17 10:18:24', 0),
(1695, 1, 7, '2025-01-17 10:18:24', 0),
(1696, 1, 2, '2025-01-17 10:18:24', 0),
(1699, 1, 3, '2025-01-17 10:21:41', 0),
(1700, 1, 2, '2025-01-17 10:21:41', 0),
(1701, 1, 6, '2025-01-17 10:21:41', 0),
(1702, 1, 7, '2025-01-17 10:21:41', 0),
(1703, 1, 1, '2025-01-17 10:21:41', 0),
(1706, 1, 8, '2025-01-17 10:21:42', 0),
(1707, 1, 5, '2025-01-17 10:21:42', 0),
(1708, 1, 6, '2025-01-17 10:21:42', 0),
(1709, 1, 7, '2025-01-17 10:21:42', 0),
(1710, 1, 3, '2025-01-17 10:21:42', 0);

-- --------------------------------------------------------

--
-- Tabellenstruktur für Tabelle `game_deck`
--

CREATE TABLE `game_deck` (
  `id` int(11) NOT NULL,
  `game_id` int(11) NOT NULL,
  `card_id` int(11) NOT NULL,
  `position` int(11) NOT NULL,
  `is_active` tinyint(1) DEFAULT 1,
  `user_id` int(11) DEFAULT NULL
) ENGINE=InnoDB DEFAULT CHARSET=utf8mb4;

--
-- Daten für Tabelle `game_deck`
--

INSERT INTO `game_deck` (`id`, `game_id`, `card_id`, `position`, `is_active`, `user_id`) VALUES
(3047, 1, 8, 1, 0, 15),
(3048, 1, 5, 2, 0, 15),
(3049, 1, 6, 3, 0, 15),
(3050, 1, 7, 4, 0, 15),
(3051, 1, 3, 5, 0, 15),
(3052, 1, 4, 6, 1, 15),
(3053, 1, 1, 7, 1, 15),
(3054, 1, 2, 8, 1, 15),
(3062, 1, 3, 1, 1, 3),
(3063, 1, 2, 2, 1, 3),
(3064, 1, 7, 3, 1, 3),
(3065, 1, 5, 4, 1, 3),
(3066, 1, 8, 5, 1, 3),
(3067, 1, 1, 6, 1, 3),
(3068, 1, 6, 7, 1, 3),
(3069, 1, 4, 8, 1, 3);

-- --------------------------------------------------------

--
-- Tabellenstruktur für Tabelle `game_moves`
--

CREATE TABLE `game_moves` (
  `move_id` int(11) NOT NULL,
  `game_id` int(11) DEFAULT NULL,
  `player_id` int(11) DEFAULT NULL,
  `card_id` int(11) DEFAULT NULL,
  `energy_spent` int(11) DEFAULT NULL,
  `action` varchar(255) DEFAULT NULL,
  `move_timestamp` timestamp NOT NULL DEFAULT current_timestamp()
) ENGINE=InnoDB DEFAULT CHARSET=utf8mb4;

-- --------------------------------------------------------

--
-- Tabellenstruktur für Tabelle `game_sessions`
--

CREATE TABLE `game_sessions` (
  `game_id` int(11) NOT NULL,
  `player1_id` int(11) DEFAULT NULL,
  `player2_id` int(11) DEFAULT NULL,
  `p1_health` int(4) NOT NULL DEFAULT 100,
  `p2_health` int(4) NOT NULL DEFAULT 100,
  `p1_max_health` int(4) NOT NULL DEFAULT 100,
  `p2_max_health` int(4) NOT NULL DEFAULT 100,
  `turn` int(11) DEFAULT 1,
  `winner_id` int(11) DEFAULT NULL,
  `game_status` enum('waiting','in_progress','finished') DEFAULT 'waiting',
  `created_at` timestamp NOT NULL DEFAULT current_timestamp()
) ENGINE=InnoDB DEFAULT CHARSET=utf8mb4;

--
-- Daten für Tabelle `game_sessions`
--

INSERT INTO `game_sessions` (`game_id`, `player1_id`, `player2_id`, `p1_health`, `p2_health`, `p1_max_health`, `p2_max_health`, `turn`, `winner_id`, `game_status`, `created_at`) VALUES
(1, 3, 15, 888888, 100, 99999999, 120, 525, NULL, 'waiting', '2025-01-10 10:51:51');

-- --------------------------------------------------------

--
-- Tabellenstruktur für Tabelle `users`
--

CREATE TABLE `users` (
  `user_id` int(11) NOT NULL,
  `username` varchar(50) NOT NULL,
  `email` varchar(100) NOT NULL,
  `password_hash` varchar(255) NOT NULL,
  `created_at` timestamp NOT NULL DEFAULT current_timestamp()
) ENGINE=InnoDB DEFAULT CHARSET=utf8mb4;

--
-- Daten für Tabelle `users`
--

INSERT INTO `users` (`user_id`, `username`, `email`, `password_hash`, `created_at`) VALUES
(3, 'Seto Kaiber', '', '$2y$10$uJUl63.tPPHjawfj.g4QAeZ1royYIh/nzWmQXt.X4NOQ1farYGiBG', '2025-01-07 15:18:03'),
(11, 'Moin', '', '$2y$10$3ptnv2OesmrrfXwAUencWOidZGTUAz71TH17hmCKYFnoYDVNA3pyW', '2025-01-08 12:16:45'),
(12, 'Rei', '', '$2y$10$SKvwaPb0rFMJRPHvF6gILOqoI/awaCRw13df6qh7GrsKDsBgir.8i', '2025-01-08 12:23:18'),
(13, '1234', '', '$2y$10$rHS2KSi/ygmw8X3Yc3NA.uMz/BtbHthRrkHlNOE39j2Vo2xHy2Dum', '2025-01-08 12:25:21'),
(14, 'omi', '', '$2y$10$0KRpn38nGyoDdJ2Y2hZQBOQ4ygTE2SnwlIp0g9XbWtbkqsaYM8KT2', '2025-01-08 12:51:08'),
(15, 'Yugi', '', '$2y$10$Md9d07Vy0LILXJC.gwpKAuoowQsCCJtBBAJQOKjF.HmlLtD.iXfRG', '2025-01-09 11:35:12'),
(16, 'Joe', '', '$2y$10$CHVk7k2BMt1O2EaxQbh68OMhcq26tn4Z38hjvwTb5YSZcZKp0ublK', '2025-01-17 10:15:18');

--
-- Indizes der exportierten Tabellen
--

--
-- Indizes für die Tabelle `cards`
--
ALTER TABLE `cards`
  ADD PRIMARY KEY (`card_id`);

--
-- Indizes für die Tabelle `card_unlock_requirements`
--
ALTER TABLE `card_unlock_requirements`
  ADD PRIMARY KEY (`card_id`,`required_deck_xp`);

--
-- Indizes für die Tabelle `decks`
--
ALTER TABLE `decks`
  ADD PRIMARY KEY (`deck_id`),
  ADD KEY `user_id` (`user_id`);

--
-- Indizes für die Tabelle `deck_cards`
--
ALTER TABLE `deck_cards`
  ADD PRIMARY KEY (`deck_id`,`card_id`),
  ADD KEY `card_id` (`card_id`);

--
-- Indizes für die Tabelle `discard_pile`
--
ALTER TABLE `discard_pile`
  ADD PRIMARY KEY (`id`),
  ADD KEY `game_id` (`game_id`),
  ADD KEY `card_id` (`card_id`);

--
-- Indizes für die Tabelle `game_deck`
--
ALTER TABLE `game_deck`
  ADD PRIMARY KEY (`id`),
  ADD KEY `game_id` (`game_id`),
  ADD KEY `card_id` (`card_id`);

--
-- Indizes für die Tabelle `game_moves`
--
ALTER TABLE `game_moves`
  ADD PRIMARY KEY (`move_id`),
  ADD KEY `game_id` (`game_id`),
  ADD KEY `player_id` (`player_id`),
  ADD KEY `card_id` (`card_id`);

--
-- Indizes für die Tabelle `game_sessions`
--
ALTER TABLE `game_sessions`
  ADD PRIMARY KEY (`game_id`),
  ADD KEY `player1_id` (`player1_id`),
  ADD KEY `player2_id` (`player2_id`);

--
-- Indizes für die Tabelle `users`
--
ALTER TABLE `users`
  ADD PRIMARY KEY (`user_id`);

--
-- AUTO_INCREMENT für exportierte Tabellen
--

--
-- AUTO_INCREMENT für Tabelle `cards`
--
ALTER TABLE `cards`
  MODIFY `card_id` int(11) NOT NULL AUTO_INCREMENT, AUTO_INCREMENT=9;

--
-- AUTO_INCREMENT für Tabelle `decks`
--
ALTER TABLE `decks`
  MODIFY `deck_id` int(11) NOT NULL AUTO_INCREMENT, AUTO_INCREMENT=3;

--
-- AUTO_INCREMENT für Tabelle `discard_pile`
--
ALTER TABLE `discard_pile`
  MODIFY `id` int(11) NOT NULL AUTO_INCREMENT, AUTO_INCREMENT=1713;

--
-- AUTO_INCREMENT für Tabelle `game_deck`
--
ALTER TABLE `game_deck`
  MODIFY `id` int(11) NOT NULL AUTO_INCREMENT, AUTO_INCREMENT=3077;

--
-- AUTO_INCREMENT für Tabelle `game_moves`
--
ALTER TABLE `game_moves`
  MODIFY `move_id` int(11) NOT NULL AUTO_INCREMENT, AUTO_INCREMENT=2;

--
-- AUTO_INCREMENT für Tabelle `game_sessions`
--
ALTER TABLE `game_sessions`
  MODIFY `game_id` int(11) NOT NULL AUTO_INCREMENT, AUTO_INCREMENT=2;

--
-- AUTO_INCREMENT für Tabelle `users`
--
ALTER TABLE `users`
  MODIFY `user_id` int(11) NOT NULL AUTO_INCREMENT, AUTO_INCREMENT=17;

--
-- Constraints der exportierten Tabellen
--

--
-- Constraints der Tabelle `card_unlock_requirements`
--
ALTER TABLE `card_unlock_requirements`
  ADD CONSTRAINT `card_unlock_requirements_ibfk_1` FOREIGN KEY (`card_id`) REFERENCES `cards` (`card_id`);

--
-- Constraints der Tabelle `decks`
--
ALTER TABLE `decks`
  ADD CONSTRAINT `decks_ibfk_1` FOREIGN KEY (`user_id`) REFERENCES `users` (`user_id`) ON DELETE CASCADE;

--
-- Constraints der Tabelle `deck_cards`
--
ALTER TABLE `deck_cards`
  ADD CONSTRAINT `deck_cards_ibfk_1` FOREIGN KEY (`deck_id`) REFERENCES `decks` (`deck_id`) ON DELETE CASCADE,
  ADD CONSTRAINT `deck_cards_ibfk_2` FOREIGN KEY (`card_id`) REFERENCES `cards` (`card_id`) ON DELETE CASCADE;

--
-- Constraints der Tabelle `discard_pile`
--
ALTER TABLE `discard_pile`
  ADD CONSTRAINT `discard_pile_ibfk_1` FOREIGN KEY (`game_id`) REFERENCES `game_sessions` (`game_id`),
  ADD CONSTRAINT `discard_pile_ibfk_2` FOREIGN KEY (`card_id`) REFERENCES `cards` (`card_id`);

--
-- Constraints der Tabelle `game_deck`
--
ALTER TABLE `game_deck`
  ADD CONSTRAINT `game_deck_ibfk_1` FOREIGN KEY (`game_id`) REFERENCES `game_sessions` (`game_id`),
  ADD CONSTRAINT `game_deck_ibfk_2` FOREIGN KEY (`card_id`) REFERENCES `cards` (`card_id`);

--
-- Constraints der Tabelle `game_moves`
--
ALTER TABLE `game_moves`
  ADD CONSTRAINT `game_moves_ibfk_1` FOREIGN KEY (`game_id`) REFERENCES `game_sessions` (`game_id`),
  ADD CONSTRAINT `game_moves_ibfk_2` FOREIGN KEY (`player_id`) REFERENCES `users` (`user_id`),
  ADD CONSTRAINT `game_moves_ibfk_3` FOREIGN KEY (`card_id`) REFERENCES `cards` (`card_id`);

--
-- Constraints der Tabelle `game_sessions`
--
ALTER TABLE `game_sessions`
  ADD CONSTRAINT `game_sessions_ibfk_1` FOREIGN KEY (`player1_id`) REFERENCES `users` (`user_id`),
  ADD CONSTRAINT `game_sessions_ibfk_2` FOREIGN KEY (`player2_id`) REFERENCES `users` (`user_id`);
COMMIT;

/*!40101 SET CHARACTER_SET_CLIENT=@OLD_CHARACTER_SET_CLIENT */;
/*!40101 SET CHARACTER_SET_RESULTS=@OLD_CHARACTER_SET_RESULTS */;
/*!40101 SET COLLATION_CONNECTION=@OLD_COLLATION_CONNECTION */;
